idEvent,strTimestamp,Round,Home Team,Home Score,Away Team,Away Score,Poster,Thumb
"2391728","2026-06-11 19:00:00","Round 1","Mexico","","South Africa","","https://r2.thesportsdb.com/images/media/event/poster/yok37q1775110706.jpg","https://r2.thesportsdb.com/images/media/event/thumb/dzhwsf1775058317.jpg"
"2461103","2026-06-12 02:00:00","Round 1","South Korea","","Czech Republic","","https://r2.thesportsdb.com/images/media/event/poster/1lvv8d1775110757.jpg","https://r2.thesportsdb.com/images/media/event/thumb/7ogw2s1775058371.jpg"
"2461104","2026-06-12 19:00:00","Round 1","Canada","","Bosnia-Herzegovina","","https://r2.thesportsdb.com/images/media/event/poster/5ioorn1775110758.jpg","https://r2.thesportsdb.com/images/media/event/thumb/nsv3mc1775058372.jpg"
"2391729","2026-06-13 01:00:00","Round 1","USA","","Paraguay","","https://r2.thesportsdb.com/images/media/event/poster/qd0c3x1775110707.jpg","https://r2.thesportsdb.com/images/media/event/thumb/zzcn9j1775058318.jpg"
"2391732","2026-06-13 19:00:00","Round 1","Qatar","","Switzerland","","https://r2.thesportsdb.com/images/media/event/poster/bergbn1775110710.jpg","https://r2.thesportsdb.com/images/media/event/thumb/ijfi9n1775058321.jpg"
"2391730","2026-06-13 22:00:00","Round 1","Brazil","","Morocco","","https://r2.thesportsdb.com/images/media/event/poster/yqgi9o1775110708.jpg","https://r2.thesportsdb.com/images/media/event/thumb/mau34u1775058318.jpg"
"2391731","2026-06-14 01:00:00","Round 1","Haiti","","Scotland","","https://r2.thesportsdb.com/images/media/event/poster/82hfcg1775110709.jpg","https://r2.thesportsdb.com/images/media/event/thumb/24pszh1775058320.jpg"
"2461105","2026-06-14 04:00:00","Round 1","Australia","","Turkey","","https://r2.thesportsdb.com/images/media/event/poster/p37w6p1775110759.jpg","https://r2.thesportsdb.com/images/media/event/thumb/kgoj1q1775058373.jpg"
"2391733","2026-06-14 17:00:00","Round 1","Germany","","Curaçao","","https://r2.thesportsdb.com/images/media/event/poster/jar87s1775110711.jpg","https://r2.thesportsdb.com/images/media/event/thumb/c58bxh1775058322.jpg"
"2391735","2026-06-14 20:00:00","Round 1","Netherlands","","Japan","","https://r2.thesportsdb.com/images/media/event/poster/n034to1775110712.jpg","https://r2.thesportsdb.com/images/media/event/thumb/8rj5lv1775058324.jpg"
"2391734","2026-06-14 23:00:00","Round 1","Ivory Coast","","Ecuador","","https://r2.thesportsdb.com/images/media/event/poster/iaod111775110711.jpg","https://r2.thesportsdb.com/images/media/event/thumb/61g7b91775058323.jpg"
"2461106","2026-06-15 02:00:00","Round 1","Sweden","","Tunisia","","https://r2.thesportsdb.com/images/media/event/poster/b43cx71775110759.jpg","https://r2.thesportsdb.com/images/media/event/thumb/hja0ne1775058374.jpg"
"2391739","2026-06-15 16:00:00","Round 1","Spain","","Cape Verde","","https://r2.thesportsdb.com/images/media/event/poster/v2j76h1775110716.jpg","https://r2.thesportsdb.com/images/media/event/thumb/xi9bqn1775058328.jpg"
"2391736","2026-06-15 19:00:00","Round 1","Belgium","","Egypt","","https://r2.thesportsdb.com/images/media/event/poster/69rnif1775110713.jpg","https://r2.thesportsdb.com/images/media/event/thumb/uejz5h1775058325.jpg"
"2391738","2026-06-15 22:00:00","Round 1","Saudi Arabia","","Uruguay","","https://r2.thesportsdb.com/images/media/event/poster/vi98se1775110715.jpg","https://r2.thesportsdb.com/images/media/event/thumb/zhbzh41775058327.jpg"
"2391737","2026-06-16 01:00:00","Round 1","Iran","","New Zealand","","https://r2.thesportsdb.com/images/media/event/poster/mqtsce1775110714.jpg","https://r2.thesportsdb.com/images/media/event/thumb/qhf26y1775058326.jpg"
"2391742","2026-06-16 19:00:00","Round 1","France","","Senegal","","https://r2.thesportsdb.com/images/media/event/poster/149huv1775110719.jpg","https://r2.thesportsdb.com/images/media/event/thumb/73gvui1775058331.jpg"
"2461107","2026-06-16 22:00:00","Round 1","Iraq","","Norway","","https://r2.thesportsdb.com/images/media/event/poster/dtefd71775110760.jpg","https://r2.thesportsdb.com/images/media/event/thumb/xbh5yw1775058375.jpg"
"2391740","2026-06-17 01:00:00","Round 1","Argentina","","Algeria","","https://r2.thesportsdb.com/images/media/event/poster/qvp77y1775110717.jpg","https://r2.thesportsdb.com/images/media/event/thumb/w4gd291775058329.jpg"
"2391741","2026-06-17 04:00:00","Round 1","Austria","","Jordan","","https://r2.thesportsdb.com/images/media/event/poster/3j36ol1775110718.jpg","https://r2.thesportsdb.com/images/media/event/thumb/sfkizc1775058330.jpg"
"2461108","2026-06-17 17:00:00","Round 1","Portugal","","DR Congo","","https://r2.thesportsdb.com/images/media/event/poster/bshwqk1775110761.jpg","https://r2.thesportsdb.com/images/media/event/thumb/cjjkg21775058376.jpg"
"2391743","2026-06-17 20:00:00","Round 1","England","","Croatia","","https://r2.thesportsdb.com/images/media/event/poster/gcmcv51775110720.jpg","https://r2.thesportsdb.com/images/media/event/thumb/cfi1ep1775058332.jpg"
"2391744","2026-06-17 23:00:00","Round 1","Ghana","","Panama","","https://r2.thesportsdb.com/images/media/event/poster/t2xind1775110721.jpg","https://r2.thesportsdb.com/images/media/event/thumb/qq0ayn1775058333.jpg"
"2391745","2026-06-18 02:00:00","Round 1","Uzbekistan","","Colombia","","https://r2.thesportsdb.com/images/media/event/poster/3djh5j1775110722.jpg","https://r2.thesportsdb.com/images/media/event/thumb/s0getc1775058334.jpg"
"2461109","2026-06-18 16:00:00","Round 2","Czech Republic","","South Africa","","https://r2.thesportsdb.com/images/media/event/poster/uwk8p51775110762.jpg","https://r2.thesportsdb.com/images/media/event/thumb/x3ynsy1775058377.jpg"
"2461110","2026-06-18 19:00:00","Round 2","Switzerland","","Bosnia-Herzegovina","","https://r2.thesportsdb.com/images/media/event/poster/l7jpxc1775110763.jpg","https://r2.thesportsdb.com/images/media/event/thumb/gqg3xe1775058378.jpg"
"2391746","2026-06-18 22:00:00","Round 2","Canada","","Qatar","","https://r2.thesportsdb.com/images/media/event/poster/irh0951775110723.jpg","https://r2.thesportsdb.com/images/media/event/thumb/vcjp4j1775058335.jpg"
"2391747","2026-06-19 01:00:00","Round 2","Mexico","","South Korea","","https://r2.thesportsdb.com/images/media/event/poster/wystf31775110724.jpg","https://r2.thesportsdb.com/images/media/event/thumb/r0l9hp1775058336.jpg"
"2391750","2026-06-19 19:00:00","Round 2","USA","","Australia","","https://r2.thesportsdb.com/images/media/event/poster/8p0h1r1775110726.jpg","https://r2.thesportsdb.com/images/media/event/thumb/jsz07z1775058339.jpg"
"2391749","2026-06-19 22:00:00","Round 2","Scotland","","Morocco","","https://r2.thesportsdb.com/images/media/event/poster/6uxdre1775110726.jpg","https://r2.thesportsdb.com/images/media/event/thumb/h9f6ho1775058338.jpg"
"2391748","2026-06-20 00:30:00","Round 2","Brazil","","Haiti","","https://r2.thesportsdb.com/images/media/event/poster/bv13cj1775110725.jpg","https://r2.thesportsdb.com/images/media/event/thumb/cbpzq61775058337.jpg"
"2461111","2026-06-20 03:00:00","Round 2","Turkey","","Paraguay","","https://r2.thesportsdb.com/images/media/event/poster/4vre081775110764.jpg","https://r2.thesportsdb.com/images/media/event/thumb/wy0mgc1775058379.jpg"
"2461112","2026-06-20 17:00:00","Round 2","Netherlands","","Sweden","","https://r2.thesportsdb.com/images/media/event/poster/1rtu7v1775110765.jpg","https://r2.thesportsdb.com/images/media/event/thumb/x1073h1775058380.jpg"
"2391752","2026-06-20 20:00:00","Round 2","Germany","","Ivory Coast","","https://r2.thesportsdb.com/images/media/event/poster/3xncd61775110728.jpg","https://r2.thesportsdb.com/images/media/event/thumb/jzc7kq1775058341.jpg"
"2391751","2026-06-21 00:00:00","Round 2","Ecuador","","Curaçao","","https://r2.thesportsdb.com/images/media/event/poster/kpn9qv1775110727.jpg","https://r2.thesportsdb.com/images/media/event/thumb/2ccwlo1775058340.jpg"
"2391753","2026-06-21 04:00:00","Round 2","Tunisia","","Japan","","https://r2.thesportsdb.com/images/media/event/poster/y8nfqy1775110729.jpg","https://r2.thesportsdb.com/images/media/event/thumb/y5fihn1775058342.jpg"
"2391756","2026-06-21 16:00:00","Round 2","Spain","","Saudi Arabia","","https://r2.thesportsdb.com/images/media/event/poster/atuecw1775110732.jpg","https://r2.thesportsdb.com/images/media/event/thumb/kv7yiz1775058345.jpg"
"2391754","2026-06-21 19:00:00","Round 2","Belgium","","Iran","","https://r2.thesportsdb.com/images/media/event/poster/6if4dh1775110730.jpg","https://r2.thesportsdb.com/images/media/event/thumb/c4jyvr1775058343.jpg"
"2391757","2026-06-21 22:00:00","Round 2","Uruguay","","Cape Verde","","https://r2.thesportsdb.com/images/media/event/poster/y7bqso1775110733.jpg","https://r2.thesportsdb.com/images/media/event/thumb/ga832m1775058346.jpg"
"2391755","2026-06-22 01:00:00","Round 2","New Zealand","","Egypt","","https://r2.thesportsdb.com/images/media/event/poster/d6fdnq1775110731.jpg","https://r2.thesportsdb.com/images/media/event/thumb/zxmks31775058344.jpg"
"2391758","2026-06-22 17:00:00","Round 2","Argentina","","Austria","","https://r2.thesportsdb.com/images/media/event/poster/hewfts1775110734.jpg","https://r2.thesportsdb.com/images/media/event/thumb/ho62ce1775058347.jpg"
"2461113","2026-06-22 21:00:00","Round 2","France","","Iraq","","https://r2.thesportsdb.com/images/media/event/poster/tvqmpv1775110765.jpg","https://r2.thesportsdb.com/images/media/event/thumb/2t7p3w1775058381.jpg"
"2391760","2026-06-23 00:00:00","Round 2","Norway","","Senegal","","https://r2.thesportsdb.com/images/media/event/poster/ljqm9e1775110736.jpg","https://r2.thesportsdb.com/images/media/event/thumb/3azkme1775058349.jpg"
"2391759","2026-06-23 03:00:00","Round 2","Jordan","","Algeria","","https://r2.thesportsdb.com/images/media/event/poster/2kztsi1775110735.jpg","https://r2.thesportsdb.com/images/media/event/thumb/qoftsk1775058348.jpg"
"2391763","2026-06-23 17:00:00","Round 2","Portugal","","Uzbekistan","","https://r2.thesportsdb.com/images/media/event/poster/2kb5dz1775110739.jpg","https://r2.thesportsdb.com/images/media/event/thumb/kdr7qh1775058352.jpg"
"2391761","2026-06-23 20:00:00","Round 2","England","","Ghana","","https://r2.thesportsdb.com/images/media/event/poster/1pz3z81775110737.jpg","https://r2.thesportsdb.com/images/media/event/thumb/e5dedu1775058350.jpg"
"2391762","2026-06-23 23:00:00","Round 2","Panama","","Croatia","","https://r2.thesportsdb.com/images/media/event/poster/3z5fma1775110738.jpg","https://r2.thesportsdb.com/images/media/event/thumb/72bcb41775058351.jpg"
"2461114","2026-06-24 02:00:00","Round 2","Colombia","","DR Congo","","https://r2.thesportsdb.com/images/media/event/poster/a9f1uu1775110766.jpg","https://r2.thesportsdb.com/images/media/event/thumb/o44l951775058382.jpg"
"2391767","2026-06-24 19:00:00","Round 3","Switzerland","","Canada","","https://r2.thesportsdb.com/images/media/event/poster/1dp6u11775110743.jpg","https://r2.thesportsdb.com/images/media/event/thumb/t2wxux1775058356.jpg"
"2461115","2026-06-24 19:00:00","Round 3","Bosnia-Herzegovina","","Qatar","","https://r2.thesportsdb.com/images/media/event/poster/egjxgc1775110767.jpg","https://r2.thesportsdb.com/images/media/event/thumb/me4ksq1775058383.jpg"
"2391764","2026-06-24 22:00:00","Round 3","Morocco","","Haiti","","https://r2.thesportsdb.com/images/media/event/poster/part5b1775110740.jpg","https://r2.thesportsdb.com/images/media/event/thumb/99fxp31775058353.jpg"
"2391765","2026-06-24 22:00:00","Round 3","Scotland","","Brazil","","https://r2.thesportsdb.com/images/media/event/poster/spnvg11775110741.jpg","https://r2.thesportsdb.com/images/media/event/thumb/ipcah51775058354.jpg"
"2391766","2026-06-25 01:00:00","Round 3","South Africa","","South Korea","","https://r2.thesportsdb.com/images/media/event/poster/a0c3oe1775110742.jpg","https://r2.thesportsdb.com/images/media/event/thumb/apzr651775058355.jpg"
"2461116","2026-06-25 01:00:00","Round 3","Czech Republic","","Mexico","","https://r2.thesportsdb.com/images/media/event/poster/bniddn1775110768.jpg","https://r2.thesportsdb.com/images/media/event/thumb/70pe2h1775058384.jpg"
"2391768","2026-06-25 20:00:00","Round 3","Curaçao","","Ivory Coast","","https://r2.thesportsdb.com/images/media/event/poster/cir4711775110744.jpg","https://r2.thesportsdb.com/images/media/event/thumb/2i6gsa1775058357.jpg"
"2391769","2026-06-25 20:00:00","Round 3","Ecuador","","Germany","","https://r2.thesportsdb.com/images/media/event/poster/8fj6q21775110745.jpg","https://r2.thesportsdb.com/images/media/event/thumb/bgspfq1775058358.jpg"
"2391771","2026-06-25 23:00:00","Round 3","Tunisia","","Netherlands","","https://r2.thesportsdb.com/images/media/event/poster/4cscyz1775110746.jpg","https://r2.thesportsdb.com/images/media/event/thumb/p5hb8y1775058360.jpg"
"2461117","2026-06-25 23:00:00","Round 3","Japan","","Sweden","","https://r2.thesportsdb.com/images/media/event/poster/9cdaxe1775110769.jpg","https://r2.thesportsdb.com/images/media/event/thumb/4no2lo1775058385.jpg"
"2391770","2026-06-26 02:00:00","Round 3","Paraguay","","Australia","","https://r2.thesportsdb.com/images/media/event/poster/n43n5k1775110745.jpg","https://r2.thesportsdb.com/images/media/event/thumb/bfi9m01775058359.jpg"
"2461118","2026-06-26 02:00:00","Round 3","Turkey","","USA","","https://r2.thesportsdb.com/images/media/event/poster/lq1joj1775110770.jpg","https://r2.thesportsdb.com/images/media/event/thumb/gtllwn1775058386.jpg"
"2391775","2026-06-26 19:00:00","Round 3","Norway","","France","","https://r2.thesportsdb.com/images/media/event/poster/bf1xbd1775110750.jpg","https://r2.thesportsdb.com/images/media/event/thumb/g2uph61775058364.jpg"
"2461119","2026-06-26 19:00:00","Round 3","Senegal","","Iraq","","https://r2.thesportsdb.com/images/media/event/poster/j1ooo61775110771.jpg","https://r2.thesportsdb.com/images/media/event/thumb/duwfkg1775058387.jpg"
"2391772","2026-06-27 00:00:00","Round 3","Cape Verde","","Saudi Arabia","","https://r2.thesportsdb.com/images/media/event/poster/u2vch71775110747.jpg","https://r2.thesportsdb.com/images/media/event/thumb/fchnmj1775058361.jpg"
"2391776","2026-06-27 00:00:00","Round 3","Uruguay","","Spain","","https://r2.thesportsdb.com/images/media/event/poster/o7h4rb1775110751.jpg","https://r2.thesportsdb.com/images/media/event/thumb/b2zc0v1775058365.jpg"
"2391773","2026-06-27 03:00:00","Round 3","Egypt","","Iran","","https://r2.thesportsdb.com/images/media/event/poster/1mjifv1775110748.jpg","https://r2.thesportsdb.com/images/media/event/thumb/yane951775058362.jpg"
"2391774","2026-06-27 03:00:00","Round 3","New Zealand","","Belgium","","https://r2.thesportsdb.com/images/media/event/poster/6q0gjw1775110749.jpg","https://r2.thesportsdb.com/images/media/event/thumb/162w8r1775058363.jpg"
"2391779","2026-06-27 21:00:00","Round 3","Croatia","","Ghana","","https://r2.thesportsdb.com/images/media/event/poster/lnb9q61775110754.jpg","https://r2.thesportsdb.com/images/media/event/thumb/fwxopf1775058368.jpg"
"2391781","2026-06-27 21:00:00","Round 3","Panama","","England","","https://r2.thesportsdb.com/images/media/event/poster/rachh91775110756.jpg","https://r2.thesportsdb.com/images/media/event/thumb/enrwox1775058370.jpg"
"2391778","2026-06-27 23:30:00","Round 3","Colombia","","Portugal","","https://r2.thesportsdb.com/images/media/event/poster/ptrqsi1775110753.jpg","https://r2.thesportsdb.com/images/media/event/thumb/u6lsyr1775058367.jpg"
"2461120","2026-06-27 23:30:00","Round 3","DR Congo","","Uzbekistan","","https://r2.thesportsdb.com/images/media/event/poster/2ujpfg1775110771.jpg","https://r2.thesportsdb.com/images/media/event/thumb/pibln91775058388.jpg"
"2391777","2026-06-28 02:00:00","Round 3","Algeria","","Austria","","https://r2.thesportsdb.com/images/media/event/poster/y7upr71775110752.jpg","https://r2.thesportsdb.com/images/media/event/thumb/5fca081775058366.jpg"
"2391780","2026-06-28 02:00:00","Round 3","Jordan","","Argentina","","https://r2.thesportsdb.com/images/media/event/poster/cvnz791775110755.jpg","https://r2.thesportsdb.com/images/media/event/thumb/aejlsx1775058369.jpg"
